case_id,x3,x4,x5,x6,delta_eta_pp,delta_torque_nm
00,0,0,0,0,-0.3091,-0.4692
01,-1,-1,0,0,-0.2456,-0.4068
02,1,-1,0,0,-0.3892,-0.4648
03,-1,1,0,0,-0.3580,-0.6303
04,1,1,0,0,-0.5005,-0.6781
05,0,0,-1,-1,-0.3465,-0.4550
06,0,0,1,-1,-0.3274,-0.4421
07,0,0,-1,1,-0.2985,-0.4636
08,0,0,1,1,-0.2795,-0.4502
09,-1,0,0,-1,-0.2689,-0.4342
10,1,0,0,-1,-0.4112,-0.4827
11,-1,0,0,1,-0.2204,-0.4426
12,1,0,0,1,-0.3629,-0.4932
13,0,-1,-1,0,-0.3259,-0.4268
14,0,1,-1,0,-0.4362,-0.6470
15,0,-1,1,0,-0.3064,-0.4178
16,0,1,1,0,-0.4181,-0.6312
17,-1,0,-1,0,-0.2537,-0.4484
18,1,0,-1,0,-0.3958,-0.5000
19,-1,0,1,0,-0.2360,-0.4391
20,1,0,1,0,-0.3760,-0.4918
21,0,-1,0,-1,-0.3375,-0.4277
22,0,1,0,-1,-0.4485,-0.6275
23,0,-1,0,1,-0.2901,-0.4314
24,0,1,0,1,-0.4034,-0.6399
